1,google.com
2,gtld-servers.net
3,gstatic.com
4,facebook.com
5,cloudflare.com
6,microsoft.com
7,googleapis.com
8,youtube.com
9,mail.ru
10,apple.com
11,amazonaws.com
12,akamai.net
13,instagram.com
14,dzen.ru
15,fbcdn.net
16,twitter.com
17,linkedin.com
18,googletagmanager.com
19,office.com
20,googlevideo.com
21,live.com
22,akamaiedge.net
23,akadns.net
24,amazon.com
25,googleusercontent.com
26,azure.com
27,wikipedia.org
28,github.com
29,domaincontrol.com
30,keenetic.io
31,doubleclick.net
32,ezviz7.com
33,microsoftonline.com
34,fastly.net
35,bing.com
36,whatsapp.net
37,digicert.com
38,netflix.com
39,appsflyersdk.com
40,office.net
41,apple-dns.net
42,chatgpt.com
43,trafficmanager.net
44,wordpress.org
45,aaplimg.com
46,skype.com
47,sharepoint.com
48,youtu.be
49,workers.dev
50,pinterest.com
51,whatsapp.com
52,cloudfront.net
53,goo.gl
54,gandi.net
55,yahoo.com
56,googlesyndication.com
57,ripn.net
58,x.com
59,icloud.com
60,hicloudcam.com
61,cloud.microsoft
62,tiktok.com
63,windowsupdate.com
64,msn.com
65,spotify.com
66,gvt1.com
67,adobe.com
68,vimeo.com
69,ntp.org
70,windows.net
71,googledomains.com
72,tiktokcdn.com
73,cloudflare.net
74,telekom.de
75,zoom.us
76,gvt2.com
77,wa.me
78,myfritz.net
79,roblox.com
80,ytimg.com
81,tiktokv.com
82,akam.net
83,qq.com
84,baidu.com
85,pv-cdn.net
86,yandex.net
87,cloudflare-dns.com
88,nginx.org
89,opera.com
90,edgekey.net
91,yandex.ru
92,windows.com
93,nic.ru
94,google-analytics.com
95,samsung.com
96,nginx.com
97,sentry.io
98,mozilla.org
99,bit.ly
100,wordpress.com
101,office365.com
102,edgesuite.net
103,ui.com
104,root-servers.net
105,reddit.com
106,okcdn.ru
107,cdninstagram.com
108,googleadservices.com
109,discord.gg
110,a2z.com
111,intuit.com
112,criteo.com
113,blogspot.com
114,b-cdn.net
115,t.me
116,unity3d.com
117,vk.com
118,trbcdn.net
119,vedcdnlb.com
120,mailinabox.email
121,europa.eu
122,snapchat.com
123,github.io
124,amazon-adsystem.com
125,f5.com
126,cdn77.org
127,amazonvideo.com
128,dns.google
129,app-measurement.com
130,dropbox.com
131,apache.org
132,kaspersky.com
133,outlook.com
134,msftncsi.com
135,gravatar.com
136,amazon.dev
137,nih.gov
138,registrar-servers.com
139,spo-msedge.net
140,app-analytics-services.com
141,epicgames.com
142,xiaomi.com
143,one.one
144,forms.gle
145,bytefcdn-oversea.com
146,yccdn.ru
147,archive.org
148,steamserver.net
149,msftconnecttest.com
150,godaddy.com
151,nytimes.com
152,tumblr.com
153,ax-msedge.net
154,azurefd.net
155,miit.gov.cn
156,applovin.com
157,vkuserphoto.ru
158,paypal.com
159,3gppnetwork.org
160,ggpht.com
161,aliyuncs.com
162,shopify.com
163,wac-msedge.net
164,webex.com
165,nflxso.net
166,discord.com
167,dnsowl.com
168,triplinkintl.com
169,cdn-apple.com
170,reg.ru
171,adobe.io
172,azurewebsites.net
173,macromedia.com
174,flickr.com
175,iiko.it
176,soundcloud.com
177,example.com
178,userapi.com
179,medium.com
180,w3.org
181,rubiconproject.com
182,cnn.com
183,theguardian.com
184,vungle.com
185,taboola.com
186,nominetdns.uk
187,avast.com
188,tiktokcdn-us.com
189,aws.dev
190,prodregistryv2.org
191,msedge.net
192,ttdns2.com
193,adtrafficquality.google
194,oracle.com
195,ipv4only.arpa
196,forbes.com
197,shifen.com
198,sfx.ms
199,creativecommons.org
200,spov-msedge.net
201,adnxs.com
202,static.microsoft
203,ozon.ru
204,bbc.com
205,dns-parking.com
206,t.co
207,azureedge.net
208,roku.com
209,fastly-edge.com
210,telekom.net
211,twitch.tv
212,pubmatic.com
213,weather.com
214,jomodns.com
215,sciencedirect.com
216,oxylabs.io
217,researchgate.net
218,bbc.co.uk
219,akamaized.net
220,comcast.net
221,gmail.com
222,cpanel.net
223,android.com
224,ebay.com
225,ubuntu.com
226,sourceforge.net
227,youtube-nocookie.com
228,mit.edu
229,canva.com
230,doi.org
231,vecdnlb.com
232,pki.goog
233,hichina.com
234,t-online.de
235,scorecardresearch.com
236,nist.gov
237,playstation.net
238,imdb.com
239,shopifysvc.com
240,lencr.org
241,forter.com
242,wsdvs.com
243,casalemedia.com
244,who.int
245,cisco.com
246,meraki.com
247,miui.com
248,cdngslb.com
249,stripe.com
250,ksyuncdn.com
251,telegram.org
252,linktr.ee
253,wixsite.com
254,hubspot.com
255,doubleverify.com
256,adsafeprotected.com
257,omtrdc.net
258,alibabadns.com
259,openai.com
260,wikimedia.org
261,wildberries.ru
262,booking.com
263,adsrvr.org
264,mzstatic.com
265,salesforce.com
266,autodesk.com
267,launchpad.net
268,hp.com
269,mangosip.ru
270,ttvnw.net
271,springer.com
272,duckdns.org
273,mts.ru
274,ampproject.org
275,tinyurl.com
276,inmobi.com
277,smartadserver.com
278,facebook.net
279,virginm.net
280,amplitude.com
281,mozilla.com
282,samsungcloud.com
283,dropcatch.com
284,openx.net
285,jsdelivr.net
286,heytapmobile.com
287,etsy.com
288,reuters.com
289,drom.ru
290,afternic.com
291,shalltry.com
292,akamaitech.net
293,pages.dev
294,ok.ru
295,www.gov.uk
296,dnsmadeeasy.com
297,appsflyer.com
298,alibaba.com
299,trueconf.net
300,ibm.com
301,wiley.com
302,3lift.com
303,samsungqbe.com
304,harvard.edu
305,media.net
306,yandex.com
307,googleblog.com
308,steampowered.com
309,nature.com
310,debian.org
311,mtgglobals.com
312,tm-azurefd.net
313,media-amazon.com
314,name-services.com
315,php.net
316,amazon.co.uk
317,byteoversea.net
318,nr-data.net
319,rocket-cdn.com
320,akamaihd.net
321,launchdarkly.com
322,weibo.com
323,slack.com
324,alidns.com
325,clarity.ms
326,myshopify.com
327,ea.com
328,issuu.com
329,moe.video
330,wbx2.com
331,crashlytics.com
332,pushy.io
333,gnu.org
334,vkuser.net
335,douyincdn.com
336,tradingview.com
337,onelink.me
338,ivi.ru
339,checkpoint.com
340,quickconnect.to
341,telecid.ru
342,inner-active.mobi
343,mi.com
344,weebly.com
345,cdc.gov
346,vk.ru
347,demdex.net
348,un.org
349,libp2p.direct
350,capcutapi.com
351,allawnos.com
352,naver.com
353,cnbc.com
354,tbcache.com
355,washingtonpost.com
356,wsj.com
357,aliyun.com
358,aol.com
359,kaspersky-labs.com
360,trustpilot.com
361,namebrightdns.com
362,bilibili.com
363,cdnbuild.net
364,dell.com
365,ezvizlife.com
366,samsungcloudsolution.com
367,geobasket.ru
368,dailymail.co.uk
369,dailymotion.com
370,opendns.com
371,stanford.edu
372,bloomberg.com
373,edgecdn.ru
374,kwai-pro.com
375,plesk.com
376,nvidia.com
377,temu.com
378,adriver.ru
379,rzone.de
380,sc-cdn.net
381,tiktokv.us
382,hcaptcha.com
383,tp-link.com
384,avsxappcaptiveportal.com
385,heytapdl.com
386,globo.com
387,t-msedge.net
388,unsplash.com
389,nasa.gov
390,tiktokcdn-eu.com
391,vivoglobal.com
392,espn.com
393,live-video.net
394,indeed.com
395,ibyteimg.com
396,zendesk.com
397,cookiedatabase.org
398,xcal.tv
399,calendly.com
400,amazon.de
401,kwaipros.com
402,tiktokv.eu
403,go.com
404,duckduckgo.com
405,lsrelayaccess.com
406,adobe.net
407,cloudns.net
408,walmart.com
409,telegram.me
410,sc-gw.com
411,ip-api.com
412,online-metrix.net
413,businessinsider.com
414,ngenix.net
415,line.me
416,pixabay.com
417,amazonalexa.com
418,mynetname.net
419,xboxlive.com
420,intel.com
421,pangle.io
422,163.com
423,aliyuncsslbintl.com
424,huawei.com
425,brave.com
426,steamcommunity.com
427,gitlab.com
428,wp.com
429,taobao.com
430,awsglobalaccelerator.com
431,avcdn.net
432,supercell.com
433,statista.com
434,yahoo.co.jp
435,imcmdb.net
436,mcafee.com
437,netease.com
438,foxnews.com
439,ipinfo.io
440,discord.media
441,t-mobile.com
442,list-manage.com
443,dual-s-msedge.net
444,sberbank.ru
445,netangels.ru
446,crpt.ru
447,speedtest.net
448,beian.gov.cn
449,name.com
450,worldnic.com
451,hostgator.com
452,quora.com
453,paloaltonetworks.com
454,mikrotik.com
455,skyhigh.cloud
456,goodreads.com
457,gosuslugi.ru
458,duolingo.com
459,g.page
460,mediatek.com
461,gamepass.com
462,grammarly.com
463,vkontakte.ru
464,nflximg.com
465,elasticbeanstalk.com
466,ietf.org
467,arubanetworks.com
468,scdn.co
469,addtoany.com
470,eventbrite.com
471,eye4.cn
472,kwai.net
473,firetvcaptiveportal.com
474,mysql.com
475,nflxvideo.net
476,2mdn.net
477,myqcloud.com
478,awswaf.com
479,npr.org
480,nease.net
481,selectel.ru
482,bsky.app
483,tencent-cloud.net
484,amazontrust.com
485,giphy.com
486,amzn.to
487,easebar.com
488,atlassian.net
489,fb-t-msedge.net
490,bamgrid.com
491,exp-tas.com
492,myhuaweicloud.com
493,indiatimes.com
494,imgsmail.ru
495,enacdn.net
496,shein.com
497,scribd.com
498,telegraph.co.uk
499,gandi-ns.fr
500,nstld.com
501,netflix.net
502,google.de
503,behance.net
504,okta.com
505,apnews.com
506,aliexpress.com
507,amazon.co.jp
508,sohu.com
509,stackoverflow.com
510,slideshare.net
511,sina.com.cn
512,360yield.com
513,nbcnews.com
514,gcdn.co
515,adobedtm.com
516,svc.ms
517,2gis.com
518,run.app
519,rbxcdn.com
520,blogger.com
521,google.cn
522,docker.com
523,substack.com
524,firefox.com
525,dynatrace.com
526,palmplaystore.com
527,wired.com
528,browser-intake-datadoghq.com
529,fandom.com
530,ft.com
531,jquery.com
532,capcut.com
533,trendmicro.com
534,ya.ru
535,vedsalb.com
536,uol.com.br
537,360.cn
538,cloudflareinsights.com
539,icloud-content.com
540,xhamster.com
541,expireddomains.com
542,patreon.com
543,time.com
544,cdnvideo.ru
545,teamviewer.com
546,usatoday.com
547,markmonitor.com
548,eset.com
549,uk.com
550,visualstudio.com
551,byteglb.com
552,rlcdn.com
553,deviantart.com
554,tplinkcloud.com
555,live.net
556,fast.com
557,azure-dns.com
558,comcast.com
559,atlassian.com
560,wix.com
561,yieldmo.com
562,hotjar.com
563,arxiv.org
564,tandfonline.com
565,spaceweb.pro
566,dnspod.net
567,deepl.com
568,oraclecloud.com
569,oup.com
570,0xrpc.io
571,shopee.com.br
572,my.com
573,impervadns.net
574,msidentity.com
575,sharethrough.com
576,tripadvisor.com
577,ca.gov
578,supertms.com
579,force.com
580,cdn20.com
581,yahoodns.net
582,adobedc.net
583,rakuten.co.jp
584,avito.ru
585,bidswitch.net
586,target.com
587,vidaahub.com
588,qlivecdn.com
589,hicloud.com
590,cornell.edu
591,playstation.com
592,google.com.hk
593,timeweb.ru
594,gwfb.net
595,xiaomi.net
596,berkeley.edu
597,surveymonkey.com
598,alicdn.com
599,samsungapps.com
600,verisign.com
601,a-msedge.net
602,googlezip.net
603,ieee.org
604,free.fr
605,googletagservices.com
606,consultant.ru
607,aboutads.info
608,onetrust.com
609,dyndns.org
610,braze.com
611,accuweather.com
612,ikea.com
613,publicnode.com
614,jotform.com
615,digitalocean.com
616,amagi.tv
617,britannica.com
618,klaviyo.com
619,loc.gov
620,squarespace.com
621,branch.io
622,intercom.io
623,mdpi.com
624,licdn.com
625,fontawesome.com
626,b-msedge.net
627,stackadapt.com
628,redhat.com
629,conviva.com
630,ozone.ru
631,cnet.com
632,nike.com
633,ups.com
634,cookielaw.org
635,cbsnews.com
636,typekit.net
637,independent.co.uk
638,amazon.fr
639,outbrain.com
640,abovedomains.com
641,elpais.com
642,bluehost.com
643,ovh.net
644,att.net
645,afilias-nst.info
646,dreamhost.com
647,featureassets.org
648,bytedns1.com
649,crwdcntrl.net
650,dotomi.com
651,optimizely.com
652,unesco.org
653,nic.network
654,withgoogle.com
655,viber.com
656,amazon.ca
657,quantserve.com
658,g.co
659,wattpad.com
660,1rx.io
661,safebrowsing.apple
662,agkn.com
663,cambridge.org
664,bx-msedge.net
665,techcrunch.com
666,imgur.com
667,twimg.com
668,ted.com
669,noaa.gov
670,mailchimp.com
671,id5-sync.com
672,pinimg.com
673,telephony.goog
674,bunnyinfra.net
675,ui-dns.com
676,nmrodam.com
677,lijit.com
678,sagepub.com
679,smaato.net
680,anydesk.com
681,yelp.com
682,service.gov.uk
683,nic.io
684,spiegel.de
685,mega.co.nz
686,rt.ru
687,threads.com
688,lemonde.fr
689,ln-msedge.net
690,fb.com
691,e2ro.com
692,hihonorcloud.com
693,volcfcdndvs.com
694,samsungacr.com
695,afilias-nst.org
696,nic.direct
697,creativecdn.com
698,bidr.io
699,tencent.com
700,google.co.uk
701,tapad.com
702,disneyplus.com
703,360safe.com
704,sophos.com
705,hath.network
706,criteo.net
707,bitrix24.ru
708,amazon.in
709,asus.com
710,mhverifier.ru
711,mediafire.com
712,newrelic.com
713,it.com
714,freepik.com
715,uber.com
716,cursor.sh
717,ks-cdn.com
718,abc.net.au
719,ovscdns.com
720,box.com
721,wb.ru
722,dbankcloud.com
723,allaboutcookies.org
724,chinamobile.com
725,grammarly.io
726,bugsnag.com
727,ring.com
728,everesttech.net
729,ci-servers.net
730,rackspace.net
731,steamstatic.com
732,imrworldwide.com
733,appspot.com
734,ys7.com
735,adform.net
736,amazon.es
737,liadm.com
738,xerox.com
739,homedepot.com
740,marriott.com
741,hostgator.com.br
742,omnitagjs.com
743,ci-servers.org
744,bdydns.com
745,wswebcdn.com
746,shopee.co.id
747,resolver.arpa
748,bandcamp.com
749,networkadvertising.org
750,cmediahub.ru
751,stripchat.com
752,teads.tv
753,google.com.br
754,allegro.pl
755,appcenter.ms
756,githubusercontent.com
757,gumgum.com
758,kick.com
759,zoom.com
760,a-mo.net
761,ameblo.jp
762,zillow.com
763,amazon.it
764,nintendo.com
765,bestbuy.com
766,turn.com
767,python.org
768,lgtvcommon.com
769,primevideo.com
770,mckinsey.com
771,fiverr.com
772,usgovcloudapi.net
773,herokudns.com
774,fda.gov
775,aljazeera.com
776,nel.goog
777,squarespacedns.com
778,wp.pl
779,claude.ai
780,nikkei.com
781,nypost.com
782,iso.org
783,hbr.org
784,prnewswire.com
785,theverge.com
786,no-ip.com
787,33across.com
788,seznam.cz
789,myspace.com
790,people.com
791,ddnss.de
792,unpkg.com
793,kontur.ru
794,disqus.com
795,globalsign.com
796,dbankcloud.ru
797,singular.net
798,adjust.com
799,mixpanel.com
800,moloco.com
801,yandexcloud.net
802,liftoff.io
803,usps.com
804,rakuten.com
805,latimes.com
806,washington.edu
807,fwmrm.net
808,recaptcha.net
809,bytefcdn-ttpeu.com
810,bild.de
811,alipaydns.com
812,datadoghq.com
813,lenovo.com
814,yellowblue.io
815,mayoclinic.org
816,discordapp.com
817,zoho.com
818,onetag-sys.com
819,bytefcdn-ttpus.com
820,welt.de
821,lefigaro.fr
822,erome.com
823,openstreetmap.org
824,figma.com
825,investopedia.com
826,vivo.com.cn
827,anthropic.com
828,pornhub.com
829,me.com
830,xvideos.com
831,academia.edu
832,pccc.com
833,mercadolivre.com.br
834,nintendo.net
835,onlyfans.com
836,spotifycdn.com
837,goskope.com
838,ssl-images-amazon.com
839,discogs.com
840,wbbasket.ru
841,focus.de
842,adgrx.com
843,ebay.co.uk
844,instructure.com
845,cdnhwc1.com
846,pexels.com
847,agoda.com
848,livejournal.com
849,cdn-vk.ru
850,wpguardian.com
851,synology.com
852,webmd.com
853,jetbrains.com
854,wpguardian.io
855,miwifi.com
856,zenecn.net
857,life360.com
858,themeforest.net
859,chess.com
860,shopeemobile.com
861,zhihu.com
862,airbnb.com
863,ioref.io
864,sportradar.com
865,biblegateway.com
866,eu-1-id5-sync.com
867,change.org
868,thenai.org
869,princeton.edu
870,qualtrics.com
871,tplinknbu.com
872,sedo.com
873,playrix.com
874,ebay.de
875,otto.de
876,akahost.net
877,smartthings.com
878,healthline.com
879,deloitte.com
880,msftauth.net
881,usda.gov
882,wps.com
883,flashtalking.com
884,bankofamerica.com
885,starlink.com
886,arcgis.com
887,aiv-delivery.net
888,worldbank.org
889,fidelity.com
890,jimdo.com
891,frontiersin.org
892,www.gov.br
893,llamarpc.com
894,cloudsink.net
895,genius.com
896,tiktokw.us
897,rambler.ru
898,zdnscloud.cn
899,amazon.com.br
900,pixiv.net
901,samsungosp.com
902,go-mpulse.net
903,clever.com
904,mailchi.mp
905,seedtag.com
906,herokuapp.com
907,azure-devices.net
908,pendo.io
909,linode.com
910,ubi.com
911,ubnt.com
912,chaturbate.com
913,blueapron.com
914,rutube.ru
915,fbsbx.com
916,nationalgeographic.com
917,ddns.net
918,share.google
919,state.gov
920,poki.com
921,usercontent.goog
922,cloudinary.com
923,agora.io
924,kunluncan.com
925,classlink.com
926,smilewanted.com
927,eu.com
928,docker.io
929,ryanair.com
930,kickstarter.com
931,merriam-webster.com
932,epa.gov
933,presage.io
934,youku.com
935,character.ai
936,hm.com
937,daum.net
938,tiktokrow-cdn.com
939,wyzecam.com
940,repubblica.it
941,typeform.com
942,opera-api.com
943,yimg.com
944,lowes.com
945,bytefcdn.com
946,coupang.com
947,irs.gov
948,kleinanzeigen.de
949,grok.com
950,digitaloceanspaces.com
951,theatlantic.com
952,footprintdns.com
953,corriere.it
954,netcraze.io
955,weforum.org
956,rbc.ru
957,segment.io
958,nextlgsdp.com
959,amazon.com.au
960,whitehouse.gov
961,4dex.io
962,readthedocs.io
963,webempresa.eu
964,leiniao.com
965,warnerbros.com
966,mercadolibre.com.ar
967,tsyndicate.com
968,yandex.com.tr
969,xnxx.com
970,cdnhwc2.com
971,redd.it
972,kslawin.com
973,whecloud.com
974,elmundo.es
975,umich.edu
976,pbs.org
977,mybluehost.me
978,px-cloud.net
979,onet.pl
980,bol.com
981,kwai.com
982,caixa.gov.br
983,jd.com
984,note.com
985,nexusmods.com
986,theconversation.com
987,mlb.com
988,shutterstock.com
989,onesignal.com
990,immedia-semi.com
991,rackspace.com
992,gtm-a2b2.com
993,hotstar.com
994,binance.com
995,pikabu.ru
996,vk-analytics.ru
997,odoo.com
998,snapkit.com
999,afafb.com
1000,netgear.com
1001,kueezrtb.com
1002,utorrent.com
1003,stbid.ru
1004,ipify.org
1005,sofascore.com
1006,samsungcloudsolution.net
1007,youronlinechoices.com
1008,quizlet.com
1009,faphouse.com
1010,blackberry.net
